{"EconomicLoss": {"MedianLossRatio": 0.043977779356658128}, "Downtime": {"MedianDowntime": 19.896556606691455}, "UnsafePlacards": {"Tag": "none", "RedTagProbability": 0.47399999999999998}}